[ {
  "name" : "Default filter",
  "transformers" : [ {
    "id" : "org.cytoscape.CompositeFilter",
    "parameters" : {
      "type" : "ALL"
    },
    "transformers" : [ {
      "id" : "org.cytoscape.ColumnFilter",
      "parameters" : {
        "predicate" : "BETWEEN",
        "criterion" : [ 1, 1 ],
        "caseSensitive" : false,
        "type" : "nodes",
        "anyMatch" : true,
        "columnName" : "Significance"
      }
    }, {
      "id" : "org.cytoscape.ColumnFilter",
      "parameters" : {
        "predicate" : "IS_NOT_BETWEEN",
        "criterion" : [ 0.0, 1.35652893731484 ],
        "caseSensitive" : false,
        "type" : "nodes",
        "anyMatch" : true,
        "columnName" : "log2FC"
      }
    } ]
  } ]
} ]